GWAS_1,dataset,gene_2,nsnps,PP.H0.abf,PP.H1.abf,PP.H2.abf,PP.H3.abf,PP.H4.abf,sum_PPH3_PPH4,ratio_PPH4_PPH3,p12,gene_name,significant
rizig2023,Nedelec_2016_macrophage_Listeria,ENSG00000177628,3879,3.812090109613529e-6,0.6539215123681995,1.4537893885354663e-6,0.2492845554993843,0.09678866625291717,0.3460732217523015,0.38826579552440915,1e-5,GBA,Not_signif
rizig2023,Nedelec_2016_macrophage_naive,ENSG00000177628,3869,3.7810372530722496e-6,0.6485947263251771,1.4685144052675259e-6,0.2518076582212614,0.09959236590190321,0.3514000241231646,0.39550967832118983,1e-5,GBA,Not_signif
rizig2023,Nedelec_2016_macrophage_Salmonella,ENSG00000177628,3963,3.8734908184684615e-6,0.6644541487805031,1.5608818141232336e-6,0.26768401025726185,0.067856406589603,0.33554041684686486,0.2534944336958661,1e-5,GBA,Not_signif
rizig2023,Quach_2016_monocyte_IAV,ENSG00000177628,4045,3.0370658273778224e-6,0.5209748353740659,1.6014686414547524e-6,0.27450960766192634,0.20451091842953864,0.47902052609146495,0.7450045926312534,1e-5,GBA,Not_signif
rizig2023,Quach_2016_monocyte_LPS,ENSG00000177628,4016,3.799929501549603e-6,0.6518355779392654,1.640870357574592e-6,0.2814062792099554,0.06675270205092032,0.34815898126087574,0.23721113202707378,1e-5,GBA,Not_signif
rizig2023,Quach_2016_monocyte_naive,ENSG00000177628,4045,3.7668198343320346e-6,0.6461560121001291,1.574090742869072e-6,0.2699338400891392,0.08390480690015441,0.35383864698929357,0.3108347099883692,1e-5,GBA,Not_signif
rizig2023,Quach_2016_monocyte_Pam3CSK4,ENSG00000177628,4008,3.747345519710433e-6,0.6428153756724434,1.7347470016281393e-6,0.2975168594665273,0.05966228276850815,0.35717914223503544,0.2005341239333046,1e-5,GBA,Not_signif
rizig2023,Quach_2016_monocyte_R848,ENSG00000177628,4025,3.9521621708942676e-6,0.6779494081272043,1.5464212616905765e-6,0.2652145155221899,0.05683057776717399,0.32204509328936387,0.21428155112580596,1e-5,GBA,Not_signif
